INSERT INTO m_users (id, login, password, created, changed, is_deleted, e_mail, phone_number_user, gender) VALUES (15, 'crow', '$2y$12$fP7i1uoPwVyFme6Un9Chv.C8wkBzSbY.rl06.7frHLZR1baA9rpq.', '2019-05-30 20:04:17.000000', '2019-05-30 20:04:17.000000', null, 'crow@gmail.com', 80291515151, 'NOT_SELECTED');
INSERT INTO m_users (id, login, password, created, changed, is_deleted, e_mail, phone_number_user, gender) VALUES (16, 'viper', '$2y$12$ghyw/Oh4WH/WuxrMCYuVNOYttjcuhD6SrdEoyVAQ8Vi/pBzQ.PYpS', '2019-06-05 20:04:17.000000', '2019-06-05 20:04:17.000000', true, 'viper@gmail.com', 80291616161, 'NOT_SELECTED');
INSERT INTO m_users (id, login, password, created, changed, is_deleted, e_mail, phone_number_user, gender) VALUES (12, 'budgie', '$2y$12$YjogAHuGYtFQDYo.iWtzE.vHzBbJ4t8Pw6rLINg01HwSQosxyWeT6', '2019-05-15 20:04:17.000000', '2019-05-15 20:04:17.000000', null, 'budgie@gmail.com', 80291212121, 'NOT_SELECTED');
INSERT INTO m_users (id, login, password, created, changed, is_deleted, e_mail, phone_number_user, gender) VALUES (24, 'hedgehog', '$2y$12$25Bis1fhr6.8H4DKKzGtNOoKlog2Q22Fo78kO5ZbKi96c.RyEi8yi', '2019-07-15 20:04:17.000000', '2019-07-15 20:04:17.000000', null, 'hedgehog@gmail.com', 80292424242, 'NOT_SELECTED');
INSERT INTO m_users (id, login, password, created, changed, is_deleted, e_mail, phone_number_user, gender) VALUES (22, 'blackbird', '$2y$12$yVtkSCHtLJyPItXFaJ2hpOO1So7DeDbM12CEEn9ufvl.G2Zmc3faG', '2019-07-05 20:04:17.000000', '2019-07-05 20:04:17.000000', null, 'blackbird@gmail.com', 80292202202, 'NOT_SELECTED');
INSERT INTO m_users (id, login, password, created, changed, is_deleted, e_mail, phone_number_user, gender) VALUES (26, 'giraffe', '$2y$12$zeNhHwTE8a5pOVG0yzYu2evukYosrcQK/4eceh8A14nWavq6oOQLu', '2019-07-25 20:04:17.000000', '2019-07-25 20:04:17.000000', null, 'giraffe@gmail.com', 80292626262, 'NOT_SELECTED');
INSERT INTO m_users (id, login, password, created, changed, is_deleted, e_mail, phone_number_user, gender) VALUES (23, 'woodpeacker', '$2y$12$WlFm9tKSaMvSgmhqYxuPS.CUpFuPqjU6N7I8pKRa0C8iXnmq/no0a', '2019-07-10 20:04:17.000000', '2019-07-10 20:04:17.000000', true, 'woodpeacker@gmail.com', 80292323232, 'NOT_SELECTED');
INSERT INTO m_users (id, login, password, created, changed, is_deleted, e_mail, phone_number_user, gender) VALUES (27, 'beetle', '$2y$12$3MdEW5M6R38/oLC/QaoUWOVZ5CMR92CwhPk3uObWyZlre5QVEzdsG', '2019-07-30 20:04:17.000000', '2019-07-30 20:04:17.000000', true, 'beetle@gmail.com', 80292727272, 'NOT_SELECTED');
INSERT INTO m_users (id, login, password, created, changed, is_deleted, e_mail, phone_number_user, gender) VALUES (25, 'lark', '$2y$12$xYvtwA3sxQbBIu0Qxl3wC.2PdF.dOfzwZMd0qx4GK0q0JRaex/D5i', '2019-07-20 20:04:17.000000', '2019-07-20 20:04:17.000000', null, 'lark@gmail.com', 80292525252, 'NOT_SELECTED');
INSERT INTO m_users (id, login, password, created, changed, is_deleted, e_mail, phone_number_user, gender) VALUES (21, 'goose', '$2y$12$dOigrFxy9GOS3ZONc6MtJubobR.ek8yIJR8yqNGGuS2MFrFjyPJae', '2019-06-30 20:04:17.000000', '2019-06-30 20:04:17.000000', null, 'goose@gmail.com', 80292121212, 'NOT_SELECTED');
INSERT INTO m_users (id, login, password, created, changed, is_deleted, e_mail, phone_number_user, gender) VALUES (4, 'butterfly', '$2y$12$bAWMu54P3kwVfmluHkl/r.IHIbhBIcQO3An.j4hKzZ8o6eI9Wn53S', '2019-04-05 20:04:17.000000', '2019-04-05 20:04:17.000000', null, 'butterfly@gmail.com', 80294444444, 'NOT_SELECTED');
INSERT INTO m_users (id, login, password, created, changed, is_deleted, e_mail, phone_number_user, gender) VALUES (3, 'antelope', '$2y$12$pN1K42vJmYnT3mU7QwG/5utdRHEE/EUz6jz5eNYcEhMtFcbjIZQ0S', '2019-03-31 20:03:55.000000', '2019-03-31 20:03:55.000000', null, 'antelope@gmail.com', 80293333333, 'NOT_SELECTED');
INSERT INTO m_users (id, login, password, created, changed, is_deleted, e_mail, phone_number_user, gender) VALUES (2, 'shark', '$2y$12$YSxA007YLBied57EHQdxCuXSGSoZAMKgvXotER291d4U26k2kLcEC', '2019-03-26 20:03:43.000000', '2019-03-26 20:03:43.000000', null, 'shark@gmail.com', 80292222222, 'NOT_SELECTED');
INSERT INTO m_users (id, login, password, created, changed, is_deleted, e_mail, phone_number_user, gender) VALUES (1, 'stork', '$2y$12$rReIYZ.b10e4Yh4K5SB6O.sOPdNXYAOQH1vCOnSabRs.cjOAnveyi', '2019-03-21 20:03:27.000000', '2019-03-21 20:03:27.000000', null, 'stork@gmail.com', 80291111111, 'NOT_SELECTED');
INSERT INTO m_users (id, login, password, created, changed, is_deleted, e_mail, phone_number_user, gender) VALUES (10, 'bull', '$2y$12$eeBpXuE/dwFzjSyArW6p5uUdntmXNwFsL4N.K0tGYZ1WjK3ZhaRSy', '2019-05-05 20:04:17.000000', '2019-05-05 20:04:17.000000', null, 'bull@gmail.com', 80291010101, 'NOT_SELECTED');
INSERT INTO m_users (id, login, password, created, changed, is_deleted, e_mail, phone_number_user, gender) VALUES (7, 'squirrel', '$2y$12$ItZsPN99CUzlkgoyA5L27.5t9bFvHfO9SPBfPlkDN25NExz0F8Wla', '2019-04-20 20:04:17.000000', '2019-04-20 20:04:17.000000', null, 'squirrel@gmail.com', 80297777777, 'NOT_SELECTED');
INSERT INTO m_users (id, login, password, created, changed, is_deleted, e_mail, phone_number_user, gender) VALUES (9, 'ladybird', '$2y$12$w364gPJ/SHQ04DB1jECTFuEFKJpOYb7ymmtIDzcUlqxMWw62Ivq3K', '2019-04-30 20:04:17.000000', '2019-04-30 20:04:17.000000', null, 'ladybird@gmail.com', 80299999999, 'NOT_SELECTED');
INSERT INTO m_users (id, login, password, created, changed, is_deleted, e_mail, phone_number_user, gender) VALUES (8, 'beaver', '$2y$12$92BJe5Ewa2DnlC008Bg2oeW9L4607q/5Dad1sVsqyV9Cu8ZlhLgBi', '2019-04-25 20:04:17.000000', '2019-04-25 20:04:17.000000', null, 'beaver@gmail.com', 80298888888, 'NOT_SELECTED');
INSERT INTO m_users (id, login, password, created, changed, is_deleted, e_mail, phone_number_user, gender) VALUES (5, 'ram', '$2y$12$PojAaYewF/e5Km0N8CUkPu3mj.60zWbWYGGwjo7pTUp4M2/JVTK5m', '2019-04-10 20:04:17.000000', '2019-04-10 20:04:17.000000', null, 'ram@gmail.com', 80295555555, 'NOT_SELECTED');
INSERT INTO m_users (id, login, password, created, changed, is_deleted, e_mail, phone_number_user, gender) VALUES (6, 'badger', '$2y$12$1BaZjxQUizIodVIMKV1zK.wsklOvGKtJ1bDPxv4hpoIUSspsXugJ.', '2019-04-15 20:04:17.000000', '2019-04-15 20:04:17.000000', true, 'badger@gmail.com', 80296666666, 'NOT_SELECTED');
INSERT INTO m_users (id, login, password, created, changed, is_deleted, e_mail, phone_number_user, gender) VALUES (13, 'sparrow', '$2y$12$e8l.Uj7QKdLBfwyQM2SBxeavE94l7rkW.3wMaNwa2S0lLB/92T1uy', '2019-05-20 20:04:17.000000', '2019-05-20 20:04:17.000000', null, 'sparrow@gmail.com', 80291313131, 'NOT_SELECTED');
INSERT INTO m_users (id, login, password, created, changed, is_deleted, e_mail, phone_number_user, gender) VALUES (17, 'pigeon', '$2y$12$RVFWBkAJ3srr1Jnik.8FPel7N45IYtaZ5Oz5FedmjIqloB7r.DfYW', '2019-06-10 20:04:17.000000', '2019-06-10 20:04:17.000000', true, 'pigeon@gmail.com', 80291717171, 'NOT_SELECTED');
INSERT INTO m_users (id, login, password, created, changed, is_deleted, e_mail, phone_number_user, gender) VALUES (67, 'rrrrrr', '$2a$10$d5.ClyQG2KXnMwtSKDmi9ONim//3cMLY3Kbs79Swb7R8ZMySPJ5j2', '2020-04-11 19:08:10.964000', '2020-04-11 19:08:10.965000', false, 'rrrrrr@mail.ru', 456456456, 'NOT_SELECTED');
INSERT INTO m_users (id, login, password, created, changed, is_deleted, e_mail, phone_number_user, gender) VALUES (66, 'wewewewe', '$2a$10$DJW6TDHUpl7blYMTYDCpEuYfy4rwoL2w.LKyvSOSxy9buQjBxkT4q', '2020-04-11 15:11:47.214000', '2020-04-11 15:11:47.214000', false, 'wewewe@mail.ru', 34636346, 'M');
INSERT INTO m_users (id, login, password, created, changed, is_deleted, e_mail, phone_number_user, gender) VALUES (18, 'gorilla', '$2y$12$759SNTfP0bywpOUngXeXw.mZUgljngVPgRZnI2/u9n9VB.n74qqAS', '2019-06-15 20:04:17.000000', '2019-06-15 20:04:17.000000', null, 'gorilla@gmail.com', 80291818181, 'NOT_SELECTED');
INSERT INTO m_users (id, login, password, created, changed, is_deleted, e_mail, phone_number_user, gender) VALUES (11, 'wolf', '$2y$12$NO4BfDK/xbRunfad5ckUcOcKidTJZdekCHkeXKkwhOLkFQnkZiEpe', '2019-05-10 20:04:17.000000', '2019-05-10 20:04:17.000000', null, 'wolf@gmail.com', 80291101101, 'NOT_SELECTED');
INSERT INTO m_users (id, login, password, created, changed, is_deleted, e_mail, phone_number_user, gender) VALUES (20, 'caterpillar', '$2y$12$HEKUg9W9BsSWjV2t0R0IwOpmcI9ncODDvhK9CawXVW4Pbygh1T8yq', '2019-06-25 20:04:17.000000', '2019-06-25 20:04:17.000000', null, 'caterpillar@gmail.com', 80292020202, 'NOT_SELECTED');
INSERT INTO m_users (id, login, password, created, changed, is_deleted, e_mail, phone_number_user, gender) VALUES (14, 'raven', '$2y$12$D07JnnfF3PBUGaF4Tb/.BeWmnJ7nz0x29Pu03sA8UuWcQbalY6.Ci', '2019-05-25 20:04:17.000000', '2019-05-25 20:04:17.000000', true, 'raven@gmail.com', 80291414141, 'NOT_SELECTED');
INSERT INTO m_users (id, login, password, created, changed, is_deleted, e_mail, phone_number_user, gender) VALUES (19, 'vulture', '$2y$12$/Qc4OjvY8eiMOHKGCG3O/eDQZi5ZCQjvPIEpZbj2oF9eyiCtbPlDe', '2019-06-20 20:04:17.000000', '2019-06-20 20:04:17.000000', null, 'vulture@gmail.com', 80291919191, 'NOT_SELECTED');
INSERT INTO m_car (id, car_brand, brand_model, type_of_transmission, type_of_fuel, user_id, car_weight, vin_number) VALUES (45, 'lexus', 'rx350', 'at', 'gasoline', 16, 1908, '987h7dsh8j78f');
INSERT INTO m_car (id, car_brand, brand_model, type_of_transmission, type_of_fuel, user_id, car_weight, vin_number) VALUES (51, 'mclaren', 'mp4-12c', 'mt', 'gasoline', 18, 1063, '876fg86df6gg6');
INSERT INTO m_car (id, car_brand, brand_model, type_of_transmission, type_of_fuel, user_id, car_weight, vin_number) VALUES (60, 'peugeot', '307', 'at', 'diesel', 11, 1341, '6dfg876d7fg67');
INSERT INTO m_car (id, car_brand, brand_model, type_of_transmission, type_of_fuel, user_id, car_weight, vin_number) VALUES (23, 'faw', 'besturn b50', 'mt', 'diesel', 18, 1475, 's0df0s98df098');
INSERT INTO m_car (id, car_brand, brand_model, type_of_transmission, type_of_fuel, user_id, car_weight, vin_number) VALUES (5, 'audy', 'a4', 'mt', 'gasoline', 3, 1654, 'sd7f987ds9f7h');
INSERT INTO m_car (id, car_brand, brand_model, type_of_transmission, type_of_fuel, user_id, car_weight, vin_number) VALUES (53, 'mercury', 'mariner', 'mt', 'diesel', 20, 1839, 's7d65f86s8gh8');
INSERT INTO m_car (id, car_brand, brand_model, type_of_transmission, type_of_fuel, user_id, car_weight, vin_number) VALUES (32, 'honda', 'accord', 'at', 'diesel', 24, 1075, 'h7m9g8hj97ghj');
INSERT INTO m_car (id, car_brand, brand_model, type_of_transmission, type_of_fuel, user_id, car_weight, vin_number) VALUES (19, 'daihatsu', 'applause', 'at', 'gasoline', 7, 1585, '87s6g87s6g86s');
INSERT INTO m_car (id, car_brand, brand_model, type_of_transmission, type_of_fuel, user_id, car_weight, vin_number) VALUES (28, 'gmc', 'acadia', 'at', 'gasoline', 6, 1718, 'g76h87fg6hjf7');
INSERT INTO m_car (id, car_brand, brand_model, type_of_transmission, type_of_fuel, user_id, car_weight, vin_number) VALUES (17, 'dacia', 'logan', 'mt', 'diesel', 9, 2000, 'gf876dh87gh68');
INSERT INTO m_car (id, car_brand, brand_model, type_of_transmission, type_of_fuel, user_id, car_weight, vin_number) VALUES (46, 'lifan', 'breez', 'at', 'diesel', 15, 1088, 'g08h7fg87gf9h');
INSERT INTO m_car (id, car_brand, brand_model, type_of_transmission, type_of_fuel, user_id, car_weight, vin_number) VALUES (15, 'chrysler', 'cirrus', 'mt', 'gasoline', 14, 1699, '5g4hfg64h6fgf');
INSERT INTO m_car (id, car_brand, brand_model, type_of_transmission, type_of_fuel, user_id, car_weight, vin_number) VALUES (8, 'brilliance', 'v5', 'mt', 'diesel', 11, 1805, 's76df876sd6fd');
INSERT INTO m_car (id, car_brand, brand_model, type_of_transmission, type_of_fuel, user_id, car_weight, vin_number) VALUES (14, 'chevrolet', 'tahoe', 'mt', 'gasoline', 19, 1927, '8s5g65sf7g7df');
INSERT INTO m_car (id, car_brand, brand_model, type_of_transmission, type_of_fuel, user_id, car_weight, vin_number) VALUES (13, 'chery', 'tiggo', 'at', 'diesel', 27, 1730, 'sdf7s6g8d6gh6');
INSERT INTO m_car (id, car_brand, brand_model, type_of_transmission, type_of_fuel, user_id, car_weight, vin_number) VALUES (16, 'citroen', 'c5', 'mt', 'gasoline', 24, 1549, '76sdf5gs76df5');
INSERT INTO m_car (id, car_brand, brand_model, type_of_transmission, type_of_fuel, user_id, car_weight, vin_number) VALUES (55, 'mini', 'cooper', 'mt', 'diesel', 6, 1978, '8sd7f97sd7f7s');
INSERT INTO m_car (id, car_brand, brand_model, type_of_transmission, type_of_fuel, user_id, car_weight, vin_number) VALUES (40, 'jeep', 'cherokee', 'at', 'diesel', 3, 1466, 'g9hk769h7j97d');
INSERT INTO m_car (id, car_brand, brand_model, type_of_transmission, type_of_fuel, user_id, car_weight, vin_number) VALUES (43, 'lancia', 'delta', 'mt', 'diesel', 24, 1332, 'd9y9g7987agad');
INSERT INTO m_car (id, car_brand, brand_model, type_of_transmission, type_of_fuel, user_id, car_weight, vin_number) VALUES (21, 'dodge', 'caliber', 'mt', 'gasoline', 23, 1726, 'c9vb79d7g87dg');
INSERT INTO m_car (id, car_brand, brand_model, type_of_transmission, type_of_fuel, user_id, car_weight, vin_number) VALUES (34, 'hyundai', 'solaris', 'mt', 'gasoline', 15, 1442, 'sd877f68sd76g');
INSERT INTO m_car (id, car_brand, brand_model, type_of_transmission, type_of_fuel, user_id, car_weight, vin_number) VALUES (4, 'asoton martin', 'dbs', 'at', 'gasoline', 5, 1969, 's9d8f7gf987hf');
INSERT INTO m_car (id, car_brand, brand_model, type_of_transmission, type_of_fuel, user_id, car_weight, vin_number) VALUES (41, 'kia', 'ceed', 'at', 'gasoline', 2, 1531, '97sdgh97sgh7g');
INSERT INTO m_car (id, car_brand, brand_model, type_of_transmission, type_of_fuel, user_id, car_weight, vin_number) VALUES (24, 'fiat', 'punto', 'at', 'diesel', 14, 1084, 'hj087gh8jgh8j');
INSERT INTO m_car (id, car_brand, brand_model, type_of_transmission, type_of_fuel, user_id, car_weight, vin_number) VALUES (37, 'isuzu', 'amigo', 'mt', 'diesel', 23, 1102, 'h9jy9ghjk9d98');
INSERT INTO m_car (id, car_brand, brand_model, type_of_transmission, type_of_fuel, user_id, car_weight, vin_number) VALUES (42, 'lada', 'granta', 'mt', 'gasoline', 13, 1938, 'hj987dghj98dh');
INSERT INTO m_car (id, car_brand, brand_model, type_of_transmission, type_of_fuel, user_id, car_weight, vin_number) VALUES (10, 'byd', 'flyer', 'mt', 'diesel', 10, 1939, 'gsfy89gdf9gh9');
INSERT INTO m_car (id, car_brand, brand_model, type_of_transmission, type_of_fuel, user_id, car_weight, vin_number) VALUES (26, 'fso', 'syrena', 'at', 'gasoline', 20, 1278, 'fg87h8fg76h87');
INSERT INTO m_car (id, car_brand, brand_model, type_of_transmission, type_of_fuel, user_id, car_weight, vin_number) VALUES (7, 'bmw', '320', 'mt', 'diesel', 7, 1401, '7g68fd7g687df');
INSERT INTO m_car (id, car_brand, brand_model, type_of_transmission, type_of_fuel, user_id, car_weight, vin_number) VALUES (3, 'aro', '24', 'mt', 'diesel', 18, 1499, '7sdf97sdf98s9');
INSERT INTO m_car (id, car_brand, brand_model, type_of_transmission, type_of_fuel, user_id, car_weight, vin_number) VALUES (22, 'dong feng', 'h30', 'mt', 'gasoline', 2, 1662, 'sd9g87dg9h9g7');
INSERT INTO m_car (id, car_brand, brand_model, type_of_transmission, type_of_fuel, user_id, car_weight, vin_number) VALUES (9, 'buick', 'enclave', 'at', 'diesel', 9, 1293, '7hf8j79gh8jhh');
INSERT INTO m_car (id, car_brand, brand_model, type_of_transmission, type_of_fuel, user_id, car_weight, vin_number) VALUES (1, 'acura', 'cl', 'mt', 'gasoline', 3, 1822, 's098gs08df0s8');
INSERT INTO m_car (id, car_brand, brand_model, type_of_transmission, type_of_fuel, user_id, car_weight, vin_number) VALUES (2, 'alfa romeo', '145', 'mt', 'gasoline', 3, 1591, 'sd9ff7g6d87fg');
INSERT INTO m_car (id, car_brand, brand_model, type_of_transmission, type_of_fuel, user_id, car_weight, vin_number) VALUES (47, 'lincoln', 'aviator', 'at', 'diesel', 21, 1677, 'dfg87df87gdf8');
INSERT INTO m_car (id, car_brand, brand_model, type_of_transmission, type_of_fuel, user_id, car_weight, vin_number) VALUES (20, 'datsun', 'on-do', 'at', 'gasoline', 3, 1784, 'g86hfg86j8fg6');
INSERT INTO m_car (id, car_brand, brand_model, type_of_transmission, type_of_fuel, user_id, car_weight, vin_number) VALUES (29, 'great wall', 'florid', 'mt', 'gasoline', 8, 1677, '7f6hj97hj7gh9');
INSERT INTO m_car (id, car_brand, brand_model, type_of_transmission, type_of_fuel, user_id, car_weight, vin_number) VALUES (50, 'mazda', 'cx-5', 'mt', 'gasoline', 3, 1645, 'sdg8g8dg767g8');
INSERT INTO m_car (id, car_brand, brand_model, type_of_transmission, type_of_fuel, user_id, car_weight, vin_number) VALUES (44, 'land rover', 'freelander', 'at', 'gasoline', 19, 1341, 'hj0ghj08g08jg');
INSERT INTO m_car (id, car_brand, brand_model, type_of_transmission, type_of_fuel, user_id, car_weight, vin_number) VALUES (36, 'iran khodro', 'samand', 'mt', 'gasoline', 3, 1520, '786jk7gh6jgh7');
INSERT INTO m_car (id, car_brand, brand_model, type_of_transmission, type_of_fuel, user_id, car_weight, vin_number) VALUES (35, 'infinity', 'fx35', 'mt', 'gasoline', 5, 1699, '8gh6j6hg8jgjj');
INSERT INTO m_car (id, car_brand, brand_model, type_of_transmission, type_of_fuel, user_id, car_weight, vin_number) VALUES (11, 'cadillac', 'catera', 'at', 'diesel', 7, 1510, 'sd79f69dghhh9');
INSERT INTO m_car (id, car_brand, brand_model, type_of_transmission, type_of_fuel, user_id, car_weight, vin_number) VALUES (52, 'mercedes-benz', 'gls', 'mt', 'gasoline', 8, 1046, 'gf76h86fg8h6h');
INSERT INTO m_car (id, car_brand, brand_model, type_of_transmission, type_of_fuel, user_id, car_weight, vin_number) VALUES (6, 'bentley', 'bentayga', 'at', 'gasoline', 20, 2000, 'sd9f87sd978hd');
INSERT INTO m_car (id, car_brand, brand_model, type_of_transmission, type_of_fuel, user_id, car_weight, vin_number) VALUES (31, 'haval', 'h6', 'mt', 'diesel', 9, 1766, '76df86dsg86fh');
INSERT INTO m_car (id, car_brand, brand_model, type_of_transmission, type_of_fuel, user_id, car_weight, vin_number) VALUES (12, 'changan', 'cs35', 'at', 'diesel', 6, 1857, 'fhh97h756d6s8');
INSERT INTO m_car (id, car_brand, brand_model, type_of_transmission, type_of_fuel, user_id, car_weight, vin_number) VALUES (33, 'hummer', 'h2', 'mt', 'gasoline', 19, 1896, 'f6gh7fg6j867g');
INSERT INTO m_car (id, car_brand, brand_model, type_of_transmission, type_of_fuel, user_id, car_weight, vin_number) VALUES (48, 'mahindra', 'pik-ip', 'at', 'diesel', 11, 1560, 'as87af6a86f8s');
INSERT INTO m_car (id, car_brand, brand_model, type_of_transmission, type_of_fuel, user_id, car_weight, vin_number) VALUES (30, 'hafei', 'lobo', 'mt', 'gasoline', 4, 1743, '76sg768g76h7g');
INSERT INTO m_car (id, car_brand, brand_model, type_of_transmission, type_of_fuel, user_id, car_weight, vin_number) VALUES (58, 'oldsmobile', 'achieva', 'at', 'gasoline', 5, 1470, 'sd5f56sd6f65d');
INSERT INTO m_car (id, car_brand, brand_model, type_of_transmission, type_of_fuel, user_id, car_weight, vin_number) VALUES (57, 'nissan', 'almera', 'mt', 'diesel', 8, 1511, '76g65d7fg6dfg');
INSERT INTO m_car (id, car_brand, brand_model, type_of_transmission, type_of_fuel, user_id, car_weight, vin_number) VALUES (59, 'opel', 'omega', 'at', 'diesel', 16, 1344, '67sd8f76sd6d6');
INSERT INTO m_car (id, car_brand, brand_model, type_of_transmission, type_of_fuel, user_id, car_weight, vin_number) VALUES (18, 'daewoo', 'espero', 'mt', 'diesel', 5, 1865, '7f6g7hfj798fg');
INSERT INTO m_car (id, car_brand, brand_model, type_of_transmission, type_of_fuel, user_id, car_weight, vin_number) VALUES (27, 'geely', 'emgrand', 'at', 'diesel', 16, 1358, 'ds98f79f87gfg');
INSERT INTO m_car (id, car_brand, brand_model, type_of_transmission, type_of_fuel, user_id, car_weight, vin_number) VALUES (39, 'jaguar', 'f-type', 'mt', 'diesel', 20, 1242, 'gf98hf9gh9fg7');
INSERT INTO m_car (id, car_brand, brand_model, type_of_transmission, type_of_fuel, user_id, car_weight, vin_number) VALUES (38, 'jac', 'refine', 'mt', 'diesel', 27, 1239, 'dfh7jdf7j87df');
INSERT INTO m_car (id, car_brand, brand_model, type_of_transmission, type_of_fuel, user_id, car_weight, vin_number) VALUES (25, 'ford', 'mondeo', 'at', 'diesel', 7, 1261, 'df6s987g687fg');
INSERT INTO m_car (id, car_brand, brand_model, type_of_transmission, type_of_fuel, user_id, car_weight, vin_number) VALUES (54, 'mg', '750', 'at', 'gasoline', 2, 1083, '7dfg8766dfg87');
INSERT INTO m_organization (id, login, web_site, phone_number, location, working_time, specialize, e_mail, password, role) VALUES (22, 'sto22', 'sto22.by', 80292225620, 'minsk', '09.00-19.00', 'any car', 'sto22@gmail.com', '$2y$12$RP9EdEaF1ANSnEP4reCbJOoHjVaOV7gzM4a2GLeG97q4j.CGVvNWS', 'ROLE_ORG');
INSERT INTO m_organization (id, login, web_site, phone_number, location, working_time, specialize, e_mail, password, role) VALUES (25, 'sto25', 'sto25.by', 80292525625, 'minsk', '00.00-00.00', 'ford', 'sto25@gmail.com', '$2y$12$9u4Lgmx6HdQWITff0AZNK.q8oxUYifDs.KdqxqB2yYK/2q88X.hTC', 'ROLE_ORG');
INSERT INTO m_organization (id, login, web_site, phone_number, location, working_time, specialize, e_mail, password, role) VALUES (23, 'sto23', 'sto23.by', 80292325623, 'minsk', '09.00-19.00', 'faw', 'sto23@gmail.com', '$2y$12$Bs.MJMU3zV1U7/cQzI9cne3yoCvofcbZvkKx5nI9iKFWt50GpNMBC', 'ROLE_ORG');
INSERT INTO m_organization (id, login, web_site, phone_number, location, working_time, specialize, e_mail, password, role) VALUES (26, 'sto26', 'sto26.by', 80292625626, 'minsk', '09.00-19.00', 'any car', 'sto26@gmail.com', '$2y$12$X6HROIcTU1LEFEnTqgbntuO.3X0NWQ.uVDir7SAOzxKQGWU./i21W', 'ROLE_ORG');
INSERT INTO m_organization (id, login, web_site, phone_number, location, working_time, specialize, e_mail, password, role) VALUES (27, 'sto27', 'sto27.by', 80292725627, 'minsk', '00.00-00.00', 'any car', 'sto27@gmail.com', '$2y$12$7Mx0fVtssFEWsyeHy9bDuOw2dq6D7WJT8hRq6OrRJYV9cFQRwp.s6', 'ROLE_ORG');
INSERT INTO m_organization (id, login, web_site, phone_number, location, working_time, specialize, e_mail, password, role) VALUES (28, 'sto28', 'sto28.by', 80292825628, 'minsk', '00.00-00.00', 'any car', 'sto28@gmail.com', '$2y$12$YJEZOOJATULnU22DxpWz0OXU2icobyFsRLGgN2qgOlM/tSHSHWPs2', 'ROLE_ORG');
INSERT INTO m_organization (id, login, web_site, phone_number, location, working_time, specialize, e_mail, password, role) VALUES (24, 'sto24', 'sto24.by', 80292425624, 'minsk', '09.00-19.00', 'fiat', 'sto24@gmail.com', '$2y$12$HK9kGA9tttTmtPxqGSqyG.cD91Sj0vgmASTd7IXL2PXQ6xvOIxZJ2', 'ROLE_ORG');
INSERT INTO m_organization (id, login, web_site, phone_number, location, working_time, specialize, e_mail, password, role) VALUES (10, 'sto10', 'sto10.by', 80291015610, 'minsk', '09.00-19.00', 'byd', 'sto10@gmail.com', '$2y$12$hmBl6nHHcKo9st3eRumtx.Sgl.CEV0Q09CNWYPAH3XNxLzF3LXyVm', 'ROLE_ORG');
INSERT INTO m_organization (id, login, web_site, phone_number, location, working_time, specialize, e_mail, password, role) VALUES (6, 'sto6', 'sto6.by', 80296665666, 'minsk', '09.00-19.00', 'bentley', 'sto6@gmail.com', '$2y$12$usODLiF51mRA2Ouv0GOdluEiDGDkXu..R1MyMxa.XGapJPHEUbh5y', 'ROLE_ORG');
INSERT INTO m_organization (id, login, web_site, phone_number, location, working_time, specialize, e_mail, password, role) VALUES (3, 'sto3', 'sto3.by', 80293335633, 'minsk', '09.00-19.00', 'any car', 'sto3@gmail.com', '$2y$12$DyPc3HMBTTMVXgElR361U.rgrY3gGo9BQiG4rco77UxEcVpaBVP7W', 'ROLE_ORG');
INSERT INTO m_organization (id, login, web_site, phone_number, location, working_time, specialize, e_mail, password, role) VALUES (9, 'sto9', 'sto9.by', 80299995699, 'minsk', '09.00-19.00', 'any car', 'sto9@gmail.com', '$2y$12$QWoUet6TBMFEAatJJygP8upgKuwrbnuzT6bU7KcKB4XTFgAEgRGUa', 'ROLE_ORG');
INSERT INTO m_organization (id, login, web_site, phone_number, location, working_time, specialize, e_mail, password, role) VALUES (7, 'sto7', 'sto7.by', 80297775677, 'minsk', '09.00-19.00', 'any car', 'sto7@gmail.com', '$2y$12$HxS2oNKTBwQseWgxx3.UH.tUIy8mMGv/SKm2jaj1k5cLeqn4dtOtW', 'ROLE_ORG');
INSERT INTO m_organization (id, login, web_site, phone_number, location, working_time, specialize, e_mail, password, role) VALUES (8, 'sto8', 'sto8.by', 80298885688, 'minsk', '00.00-00.00', 'brilliance', 'sto8@gmail.com', '$2y$12$7orMFcQgsnRDROTv3AGs3Oee2L/Ibv8yx.WO72Si.sbECMfFwiDGC', 'ROLE_ORG');
INSERT INTO m_organization (id, login, web_site, phone_number, location, working_time, specialize, e_mail, password, role) VALUES (1, 'sto1', 'sto1.by', 80291115611, 'minsk', '09.00-19.00', 'acura', 'sto1@gmail.com', '$2y$12$/yg7/bH6MoWlr1bcn9DD.OS0F.UXEOfZpuIXbZBMhzh0V91RnMxNq', 'ROLE_ORG');
INSERT INTO m_organization (id, login, web_site, phone_number, location, working_time, specialize, e_mail, password, role) VALUES (5, 'sto5', 'sto5.by', 80295555655, 'minsk', '09.00-19.00', 'audi', 'sto5@gmail.com', '$2y$12$NYbLm70AIv1Ap0m1qyTJOeSFFH4fTmLeAK/uTbk8Q/PA14N3wGaqO', 'ROLE_ORG');
INSERT INTO m_organization (id, login, web_site, phone_number, location, working_time, specialize, e_mail, password, role) VALUES (4, 'sto4', 'sto4.by', 80294445644, 'minsk', '09.00-19.00', 'aston martin', 'sto4@gmail.com', '$2y$12$m5ZXP/HNxdekCuaUbOpbyem6yvl5SAYgEvF.M8q39AGMtvsTlZRMa', 'ROLE_ORG');
INSERT INTO m_organization (id, login, web_site, phone_number, location, working_time, specialize, e_mail, password, role) VALUES (2, 'sto2', 'sto2.by', 80292225622, 'minsk', '00.00-00.00', 'alfa romeo', 'sto2@gmail.com', '$2y$12$juUlJ/ppoQzrC/sdOBj3CeUnpKnT7oFqy8g7TBLVKkJQjqqlaY1yO', 'ROLE_ORG');
INSERT INTO m_organization (id, login, web_site, phone_number, location, working_time, specialize, e_mail, password, role) VALUES (14, 'sto14', 'sto14.by', 80291415614, 'minsk', '09.00-19.00', 'any car', 'sto14@gmail.com', '$2y$12$6sFhhKoiHkCeHCsVnyzEJe54UevzFRUIJ2dU0n9VyiJbURbiQfCdG', 'ROLE_ORG');
INSERT INTO m_organization (id, login, web_site, phone_number, location, working_time, specialize, e_mail, password, role) VALUES (12, 'sto12', 'sto12.by', 80291215612, 'minsk', '09.00-19.00', 'changan', 'sto12@gmail.com', '$2y$12$eujBg8l4Th2FDCbCTYqIIeT2IIMckDNvHt7q7WUly8FT8SGztiHCa', 'ROLE_ORG');
INSERT INTO m_organization (id, login, web_site, phone_number, location, working_time, specialize, e_mail, password, role) VALUES (11, 'sto11', 'sto11.by', 80291105611, 'minsk', '09.00-19.00', 'cadillac', 'sto11@gmail.com', '$2y$12$TJjnbc8V0wBQQCGUWvzRMeWok/9WsSn2IEckmRb.ArNaWrHVAaKYm', 'ROLE_ORG');
INSERT INTO m_organization (id, login, web_site, phone_number, location, working_time, specialize, e_mail, password, role) VALUES (20, 'sto20', 'sto20.by', 80292025620, 'minsk', '09.00-19.00', 'datsun', 'sto20@gmail.com', '$2y$12$kvlAHqDt5B7H3WBcNPAwN.I8zc4LizfYhkl3/0eOw5CFmLHVAv9KO', 'ROLE_ORG');
INSERT INTO m_organization (id, login, web_site, phone_number, location, working_time, specialize, e_mail, password, role) VALUES (18, 'sto18', 'sto18.by', 80291815618, 'minsk', '09.00-19.00', 'daewoo', 'sto18@gmail.com', '$2y$12$U7.0tSCaOy45/JZTnc1gVeeEO2SFfQRD1Sbep8H7YCiOdgWHuP1sa', 'ROLE_ORG');
INSERT INTO m_organization (id, login, web_site, phone_number, location, working_time, specialize, e_mail, password, role) VALUES (15, 'sto15', 'sto15.by', 80291515615, 'minsk', '00.00-00.00', 'any car', 'sto15@gmail.com', '$2y$12$lOALuyQbwDmytV40ZzeiCeEzOWReW8Zhj5t6RbaMuPFI2kxh2ppxm', 'ROLE_ORG');
INSERT INTO m_organization (id, login, web_site, phone_number, location, working_time, specialize, e_mail, password, role) VALUES (16, 'sto16', 'sto16.by', 80291615616, 'minsk', '09.00-19.00', 'citroen', 'sto16@gmail.com', '$2y$12$VHqT3njTE6NDX0gy.Bn5GuAxoR9o7REg1dHEmDvnTlEPf/Q2vVE8.', 'ROLE_ORG');
INSERT INTO m_organization (id, login, web_site, phone_number, location, working_time, specialize, e_mail, password, role) VALUES (17, 'sto17', 'sto17.by', 80291715617, 'minsk', '09.00-19.00', 'dacia', 'sto17@gmail.com', '$2y$12$duGPJsLZ1bRKu2jmWtMvwO1RvkcWXScqM1p/t3tdazvRSxgTEVB.W', 'ROLE_ORG');
INSERT INTO m_organization (id, login, web_site, phone_number, location, working_time, specialize, e_mail, password, role) VALUES (13, 'sto13', 'sto13.by', 80291315613, 'minsk', '09.00-19.00', 'any car', 'sto13@gmail.com', '$2y$12$Q2IW.ZYS8EIi451KGWn4KuVtb5lAXpwshEEkNjRpLPMYwzarMQlSS', 'ROLE_ORG');
INSERT INTO m_organization (id, login, web_site, phone_number, location, working_time, specialize, e_mail, password, role) VALUES (19, 'sto19', 'sto19.by', 80291915619, 'minsk', '00.00-00.00', 'any car', 'sto19@gmail.com', '$2y$12$lnGqiXKyOSBckPhf3hrQ3.po2frbC7/E6MVY6vwxKNS0jaIim8y2W', 'ROLE_ORG');
INSERT INTO m_organization (id, login, web_site, phone_number, location, working_time, specialize, e_mail, password, role) VALUES (21, 'sto21', 'sto21.by', 80292125621, 'minsk', '09.00-19.00', 'doodge', 'sto21@gmail.com', '$2y$12$Aj2O8GA5jnfYuQc4dfsH3.IqFWQLPCxmRNBVT67RZcxGGChUD0w/y', 'ROLE_ORG');
INSERT INTO m_tasks (id, service_work_name, necessity_of_evacuation, wheel_brake, id_car, created, description, latitude, longitude, local_description) VALUES (1, 'change oil and filters', null, null, 45, '2019-11-01', null, null, null, null);
INSERT INTO m_tasks (id, service_work_name, necessity_of_evacuation, wheel_brake, id_car, created, description, latitude, longitude, local_description) VALUES (4, 'brake fluid replacement', null, null, 52, '2019-11-15', null, null, null, null);
INSERT INTO m_tasks (id, service_work_name, necessity_of_evacuation, wheel_brake, id_car, created, description, latitude, longitude, local_description) VALUES (6, 'gear repair', null, null, 14, '2019-11-25', null, null, null, null);
INSERT INTO m_tasks (id, service_work_name, necessity_of_evacuation, wheel_brake, id_car, created, description, latitude, longitude, local_description) VALUES (8, 'radiator replacement', null, null, 59, '2019-12-01', null, null, null, null);
INSERT INTO m_tasks (id, service_work_name, necessity_of_evacuation, wheel_brake, id_car, created, description, latitude, longitude, local_description) VALUES (9, 'running gear repair', null, null, 29, '2019-12-05', null, null, null, null);
INSERT INTO m_tasks (id, service_work_name, necessity_of_evacuation, wheel_brake, id_car, created, description, latitude, longitude, local_description) VALUES (12, 'steering repair', null, null, 16, '2019-12-20', null, null, null, null);
INSERT INTO m_tasks (id, service_work_name, necessity_of_evacuation, wheel_brake, id_car, created, description, latitude, longitude, local_description) VALUES (15, 'replacing spark plugs', null, null, 26, '2020-01-05', null, null, null, null);
INSERT INTO m_tasks (id, service_work_name, necessity_of_evacuation, wheel_brake, id_car, created, description, latitude, longitude, local_description) VALUES (16, 'air canditioner refueling', null, null, 15, '2020-01-10', null, null, null, null);
INSERT INTO m_tasks (id, service_work_name, necessity_of_evacuation, wheel_brake, id_car, created, description, latitude, longitude, local_description) VALUES (18, 'timing belt replacement', null, null, 24, '2020-01-20', null, null, null, null);
INSERT INTO m_tasks (id, service_work_name, necessity_of_evacuation, wheel_brake, id_car, created, description, latitude, longitude, local_description) VALUES (13, 'diagnostic', true, true, 29, '2019-12-25', 'i smell of smoke in the car', '53.8371', '27.6951', 'shabani');
INSERT INTO m_tasks (id, service_work_name, necessity_of_evacuation, wheel_brake, id_car, created, description, latitude, longitude, local_description) VALUES (7, 'diagnostic', true, true, 15, '2019-11-30', 'traffic accident', '53.8533', '27.4912', 'malinovka');
INSERT INTO m_tasks (id, service_work_name, necessity_of_evacuation, wheel_brake, id_car, created, description, latitude, longitude, local_description) VALUES (5, 'diagnostic', true, null, 29, '2019-11-20', 'i hear strange sounds from the engine', '53.8715', '27.4658', 'kamennaya gorka');
INSERT INTO m_tasks (id, service_work_name, necessity_of_evacuation, wheel_brake, id_car, created, description, latitude, longitude, local_description) VALUES (10, 'diagnostic', true, null, 3, '2019-12-10', 'right wheel is broken', '53.8513', '27.6093', 'chizovka');
INSERT INTO m_tasks (id, service_work_name, necessity_of_evacuation, wheel_brake, id_car, created, description, latitude, longitude, local_description) VALUES (14, 'diagnostic', true, null, 3, '2019-12-30', 'traffic accident', '53.8995', '27.6526', 'avtozavod');
INSERT INTO m_tasks (id, service_work_name, necessity_of_evacuation, wheel_brake, id_car, created, description, latitude, longitude, local_description) VALUES (11, 'diagnostic', true, null, 40, '2019-12-15', 'the car is stoped', '53.8978', '27.5626', 'center');
INSERT INTO m_tasks (id, service_work_name, necessity_of_evacuation, wheel_brake, id_car, created, description, latitude, longitude, local_description) VALUES (17, 'diagnostic', true, true, 31, '2020-01-15', 'traffic accident', '53.9399', '27.7027', 'uruchie');
INSERT INTO m_tasks (id, service_work_name, necessity_of_evacuation, wheel_brake, id_car, created, description, latitude, longitude, local_description) VALUES (2, 'diagnostic', true, null, 30, '2019-11-05', 'the car is stoped', '53.9338', '27.4527', 'vesnianka');
INSERT INTO tracking_system (id, id_task, id_organaizer, status, confirm_date, cost) VALUES (10, 10, 10, 'CONFIRMED', '2019-12-15', 90);
INSERT INTO tracking_system (id, id_task, id_organaizer, status, confirm_date, cost) VALUES (13, 13, 13, 'CONFIRMED', '2019-12-30', 147);
INSERT INTO tracking_system (id, id_task, id_organaizer, status, confirm_date, cost) VALUES (12, 12, 12, 'CONFIRMED', '2019-12-25', 180);
INSERT INTO tracking_system (id, id_task, id_organaizer, status, confirm_date, cost) VALUES (15, 15, 15, 'CONFIRMED', '2020-01-10', 145);
INSERT INTO tracking_system (id, id_task, id_organaizer, status, confirm_date, cost) VALUES (14, 14, 14, 'CONFIRMED', '2020-01-05', 139);
INSERT INTO tracking_system (id, id_task, id_organaizer, status, confirm_date, cost) VALUES (16, 16, 16, 'CONFIRMED', '2020-01-15', 137);
INSERT INTO tracking_system (id, id_task, id_organaizer, status, confirm_date, cost) VALUES (1, 1, 1, 'CONFIRMED', '2019-11-01', 180);
INSERT INTO tracking_system (id, id_task, id_organaizer, status, confirm_date, cost) VALUES (2, 2, 1, 'CONFIRMED', '2019-11-05', 111);
INSERT INTO tracking_system (id, id_task, id_organaizer, status, confirm_date, cost) VALUES (5, 5, 5, 'CONFIRMED', '2019-11-20', 277);
INSERT INTO tracking_system (id, id_task, id_organaizer, status, confirm_date, cost) VALUES (4, 4, 4, 'CONFIRMED', '2019-11-15', 222);
INSERT INTO tracking_system (id, id_task, id_organaizer, status, confirm_date, cost) VALUES (7, 7, 7, 'CONFIRMED', '2019-11-30', 283);
INSERT INTO tracking_system (id, id_task, id_organaizer, status, confirm_date, cost) VALUES (6, 6, 6, 'CONFIRMED', '2019-11-25', 207);
INSERT INTO tracking_system (id, id_task, id_organaizer, status, confirm_date, cost) VALUES (9, 9, 9, 'CONFIRMED', '2019-12-10', 62);
INSERT INTO tracking_system (id, id_task, id_organaizer, status, confirm_date, cost) VALUES (8, 8, 8, 'CONFIRMED', '2019-12-05', 152);
INSERT INTO tracking_system (id, id_task, id_organaizer, status, confirm_date, cost) VALUES (11, 11, 11, 'CONFIRMED', '2019-12-20', 207);
INSERT INTO tracking_system (id, id_task, id_organaizer, status, confirm_date, cost) VALUES (17, 17, null, 'NOT_CONFIRMED', '2020-01-20', 133);
INSERT INTO m_roles (id, name_of_role, user_id) VALUES (1, 'ROLE_ADMIN', 1);
INSERT INTO m_roles (id, name_of_role, user_id) VALUES (2, 'ROLE_USER', 2);
INSERT INTO m_roles (id, name_of_role, user_id) VALUES (3, 'ROLE_USER', 3);
INSERT INTO m_roles (id, name_of_role, user_id) VALUES (4, 'ROLE_USER', 4);
INSERT INTO m_roles (id, name_of_role, user_id) VALUES (5, 'ROLE_USER', 5);
INSERT INTO m_roles (id, name_of_role, user_id) VALUES (6, 'ROLE_USER', 6);
INSERT INTO m_roles (id, name_of_role, user_id) VALUES (7, 'ROLE_USER', 7);
INSERT INTO m_roles (id, name_of_role, user_id) VALUES (8, 'ROLE_USER', 8);
INSERT INTO m_roles (id, name_of_role, user_id) VALUES (9, 'ROLE_USER', 9);
INSERT INTO m_roles (id, name_of_role, user_id) VALUES (10, 'ROLE_USER', 10);
INSERT INTO m_roles (id, name_of_role, user_id) VALUES (11, 'ROLE_USER', 11);
INSERT INTO m_roles (id, name_of_role, user_id) VALUES (12, 'ROLE_USER', 12);
INSERT INTO m_roles (id, name_of_role, user_id) VALUES (13, 'ROLE_USER', 13);
INSERT INTO m_roles (id, name_of_role, user_id) VALUES (14, 'ROLE_USER', 14);
INSERT INTO m_roles (id, name_of_role, user_id) VALUES (15, 'ROLE_USER', 15);
INSERT INTO m_roles (id, name_of_role, user_id) VALUES (16, 'ROLE_USER', 16);
INSERT INTO m_roles (id, name_of_role, user_id) VALUES (17, 'ROLE_USER', 17);
INSERT INTO m_roles (id, name_of_role, user_id) VALUES (18, 'ROLE_USER', 18);
INSERT INTO m_roles (id, name_of_role, user_id) VALUES (19, 'ROLE_USER', 19);
INSERT INTO m_roles (id, name_of_role, user_id) VALUES (20, 'ROLE_USER', 20);
INSERT INTO m_roles (id, name_of_role, user_id) VALUES (21, 'ROLE_USER', 21);
INSERT INTO m_roles (id, name_of_role, user_id) VALUES (22, 'ROLE_ADMIN', 22);
INSERT INTO m_roles (id, name_of_role, user_id) VALUES (23, 'ROLE_USER', 23);
INSERT INTO m_roles (id, name_of_role, user_id) VALUES (24, 'ROLE_USER', 24);
INSERT INTO m_roles (id, name_of_role, user_id) VALUES (25, 'ROLE_USER', 25);
INSERT INTO m_roles (id, name_of_role, user_id) VALUES (26, 'ROLE_USER', 26);
INSERT INTO m_roles (id, name_of_role, user_id) VALUES (27, 'ROLE_USER', 27);
INSERT INTO m_roles (id, name_of_role, user_id) VALUES (48, 'ROLE_USER', 66);
INSERT INTO m_roles (id, name_of_role, user_id) VALUES (49, 'ROLE_USER', 67);
